{
  "Header": {
    "title": "We are a Landing Page"
  },
  "About": {
    "paragraph": "Lorem ipsum dolor sit amet, consectetur adipiscing elit, sed do eiusmod tempor incididunt ut labore et dolore magna aliqua. Ut enim ad minim veniam, quis nostrud exercitation ullamco laboris nisi ut aliquip ex ea commodo consequat. Lorem ipsum dolor sit amet, consectetur adipiscing elit, sed do eiusmod tempor incididunt ut labore et dolore magna aliqua.",
    "Why": [
      "Lorem ipsum dolor",
      "Tempor incididunt",
      "Lorem ipsum dolor",
      "Incididunt ut labore"
    ],
    "Why2": [
      "Aliquip ex ea commodo",
      "Lorem ipsum dolor",
      "Exercitation ullamco",
      "Lorem ipsum dolor"
    ]
  },
  "Services": [
    {
      "icon": "fa fa-wordpress",
      "name": "Lorem ipsum dolor",
      "text": "Lorem ipsum dolor sit amet, consectetur adipiscing elit. Duis sed dapibus leo nec ornare diam sedasd commodo nibh ante facilisis bibendum dolor feugiat at."
    },
    {
      "icon": "fa fa-cart-arrow-down",
      "name": "Consectetur adipiscing",
      "text": "Lorem ipsum dolor sit amet, consectetur adipiscing elit. Duis sed dapibus leo nec ornare diam sedasd commodo nibh ante facilisis bibendum dolor feugiat at."
    },
    {
      "icon": "fa fa-cloud-download",
      "name": "Lorem ipsum dolor",
      "text": "Lorem ipsum dolor sit amet, consectetur adipiscing elit. Duis sed dapibus leo nec ornare diam sedasd commodo nibh ante facilisis bibendum dolor feugiat at."
    },
    {
      "icon": "fa fa-language",
      "name": "Consectetur adipiscing",
      "text": "Lorem ipsum dolor sit amet, consectetur adipiscing elit. Duis sed dapibus leo nec ornare diam sedasd commodo nibh ante facilisis bibendum dolor feugiat at."
    },
    {
      "icon": "fa fa-plane",
      "name": "Lorem ipsum dolor",
      "text": "Lorem ipsum dolor sit amet, consectetur adipiscing elit. Duis sed dapibus leo nec ornare diam sedasd commodo nibh ante facilisis bibendum dolor feugiat at."
    },
    {
      "icon": "fa fa-pie-chart",
      "name": "Consectetur adipiscing",
      "text": "Lorem ipsum dolor sit amet, consectetur adipiscing elit. Duis sed dapibus leo nec ornare diam sedasd commodo nibh ante facilisis bibendum dolor feugiat at."
    }
  ],
  "Testimonials": [
    {
      "text": "\"Lorem ipsum dolor sit amet, consectetur adipiscing elit. Duis sed dapibus leo nec ornare diam sedasd commodo nibh ante facilisis bibendum dolor feugiat at.\"",
      "name": "John Doe"
    },
    {
      "text": "\"Lorem ipsum dolor sit amet, consectetur adipiscing elit. Duis sed dapibus leo nec ornare diam sedasd commodo nibh ante facilisis bibendum dolor feugiat at.\"",
      "name": "Johnathan Dao"
    },
    {
      "text": "\"Lorem ipsum dolor sit amet, consectetur adipiscing elit. Duis sed dapibus leo nec ornare diam sedasd commodo nibh ante facilisis bibendum dolor feugiat at.\"",
      "name": "Jax Dao"
    },
    {
      "text": "\"Lorem ipsum dolor sit amet, consectetur adipiscing elit. Duis sed dapibus leo nec ornare diam sedasd commodo nibh ante facilisis bibendum dolor feugiat at.\"",
      "name": "Mr. Dao"
    },
    {
      "img": "img/testimonials/02.jpg",
      "text": "\"Lorem ipsum dolor sit amet, consectetur adipiscing elit. Duis sed dapibus leo nec ornare diam sedasd commodo nibh ante facilisis bibendum dolor feugiat at.\"",
      "name": "Jacob Gantos"
    },
    {
      "img": "img/testimonials/01.jpg",
      "text": "\"Lorem ipsum dolor sit amet, consectetur adipiscing elit. Duis sed dapibus leo nec ornare diam sedasd commodo nibh ante facilisis bibendum dolor feugiat at.\"",
      "name": "Jenna Ortega"
    }
  ],
  "Team": [
    {
      "name": "John Doe",
      "job": "Director"
    },
    {
      "name": "Jonathan Dao",
      "job": "Writer"
    },
    {
      "img": "img/testimonials/02.jpg",
      "name": "Jacob Gantos",
      "Linkedin": "https://www.linkedin.com/in/jacobgantos"
    },
    {
      "img": "img/testimonials/01.jpg",
      "name": "Jenna Ortega",
      "website": "https://jenna-ortega.com/"
    }
  ],
  "Features": [
    {
      "icon": "fa fa-comments-o",
      "title": "Lorem ipsum",
      "text": "Lorem ipsum dolor sit amet placerat facilisis felis mi in tempus eleifend pellentesque natoque etiam."
    },
    {
      "icon": "fa fa-bullhorn",
      "title": "Lorem ipsum",
      "text": "Lorem ipsum dolor sit amet placerat facilisis felis mi in tempus eleifend pellentesque natoque etiam."
    },
    {
      "icon": "fa fa-group",
      "title": "Lorem ipsum",
      "text": "Lorem ipsum dolor sit amet placerat facilisis felis mi in tempus eleifend pellentesque natoque etiam."
    },
    {
      "icon": "fa fa-magic",
      "title": "Lorem ipsum",
      "text": "Lorem ipsum dolor sit amet placerat facilisis felis mi in tempus eleifend pellentesque natoque etiam."
    }
  ]
}
